{
    "LinearRegression": {
        "MSE": 0.3925476726077165,
        "R2_Score": 0.3993203473597906
    },
    "RandomForest": {
        "MSE": 0.3145021875,
        "R2_Score": 0.5187461856871741
    },
    "SVR": {
        "MSE": 0.3623871106613105,
        "R2_Score": 0.4454722854238976
    }
}